Workbook

Sheet הוראות
A1: תבנית איסוף נתונים – מסלול יצירת גישה לדיאליזה (AV Fistula)
A3: איך ממלאים:
A4: 1. בגיליון 'נתונים' ממלאים רק את התאים הצהובים. התאים הירוקים מחושבים אוטומטית.
A5: 2. אין לרשום שם, ת.ז. או מספר תיק – רק מספר סידורי.
A6: 3. תאריכים בפורמט dd/mm/yyyy. אם שלב לא בוצע או לא ידוע – משאירים ריק.
A7: 4. סוג גישה, איך התחילה דיאליזה וסיבת עיכוב – בוחרים מהרשימה הנפתחת.
A8: 5. גיליון 'סיכום' מתעדכן לבד: חציון, ממוצע, מינימום ומקסימום לכל שלב, ופילוח סיבות עיכוב.
A9: 6. חציון הוא המדד העיקרי – הוא פחות מושפע ממקרים קיצוניים.
A11: שורת דוגמה (לא נכללת בחישובים):
A12: מס' סידורי | B12: גיל | C12: תאריך הפניה | D12: תאריך מיפוי דופלקס | E12: תאריך ביקור במרפאה | F12: תאריך ניתוח | G12: סוג גישה | H12: התחלת דיאליזה | I12: סיבת עיכוב עיקרית
A13: 1 | B13: 67 | C13: 45964 | D13: 45992 | E13: 46013 | F13: 46062 | G13: AVF | H13: פיסטולה | I13: המתנה למיפוי
A15: מקור קודי הפעולה: ICD-9-CM 39.27 (Arteriovenostomy for renal dialysis) – לאמת מול מחלקת הקידוד בבית החולים.
A17: הערה: הגיליון מולא בנתוני הדגמה מדומים (סימולציה, 84 שורות) לצורך בדיקת התבנית, הנוסחאות וגיליון הסיכום. לפני השימוש בעבודה יש להחליפם בנתוני הרשומות בפועל, לאחר אישור מנהל המחלקה ואימות מול מחלקת הקידוד.
A18: תקופת ההדגמה: ניתוחים שבוצעו בין 01/06/2025 ל-31/05/2026. שורות עם תאריך מיפוי או מרפאה חסר נשארו ריקות בהתאם להוראה 3.

Sheet נתונים
A1: מס' סידורי | B1: גיל | C1: תאריך הפניה | D1: תאריך מיפוי דופלקס | E1: תאריך ביקור במרפאה | F1: תאריך ניתוח | G1: סוג גישה | H1: התחלת דיאליזה | I1: סיבת עיכוב עיקרית | J1: הערות | K1: ימים: הפניה → מיפוי | L1: ימים: מיפוי → מרפאה | M1: ימים: מרפאה → ניתוח | N1: ימים: הפניה → ניתוח (סה"כ)
A2: 1 | B2: 37 | C2: 45647 | E2: 45734 | F2: 45809 | G2: AVF | H2: צנתר | I2: אחר | J2: מיפוי בוצע בקהילה, תאריך לא ידוע | K2: =IF(AND(ISNUMBER(C2),ISNUMBER(D2)),D2-C2,"") | L2: =IF(AND(ISNUMBER(D2),ISNUMBER(E2)),E2-D2,"") | M2: =IF(AND(ISNUMBER(E2),ISNUMBER(F2)),F2-E2,"") -> 75 | N2: =IF(AND(ISNUMBER(C2),ISNUMBER(F2)),F2-C2,"") -> 162
A3: 2 | B3: 68 | C3: 45749 | D3: 45775 | E3: 45790 | F3: 45813 | G3: AVF | H3: צנתר | I3: הפניה מאוחרת מנפרולוגיה | K3: =IF(AND(ISNUMBER(C3),ISNUMBER(D3)),D3-C3,"") -> 26 | L3: =IF(AND(ISNUMBER(D3),ISNUMBER(E3)),E3-D3,"") -> 15 | M3: =IF(AND(ISNUMBER(E3),ISNUMBER(F3)),F3-E3,"") -> 23 | N3: =IF(AND(ISNUMBER(C3),ISNUMBER(F3)),F3-C3,"") -> 64
A4: 3 | B4: 61 | C4: 45646 | D4: 45694 | E4: 45747 | F4: 45815 | G4: AVG (שתל) | H4: טרם התחיל | I4: המתנה לתור במרפאה | K4: =IF(AND(ISNUMBER(C4),ISNUMBER(D4)),D4-C4,"") -> 48 | L4: =IF(AND(ISNUMBER(D4),ISNUMBER(E4)),E4-D4,"") -> 53 | M4: =IF(AND(ISNUMBER(E4),ISNUMBER(F4)),F4-E4,"") -> 68 | N4: =IF(AND(ISNUMBER(C4),ISNUMBER(F4)),F4-C4,"") -> 169
A5: 4 | B5: 73 | C5: 45733 | D5: 45753 | E5: 45766 | F5: 45821 | G5: AVF | H5: טרם התחיל | I5: ביטול ניתוח | J5: ניתוח בוטל ביום הניתוח ונקבע מחדש | K5: =IF(AND(ISNUMBER(C5),ISNUMBER(D5)),D5-C5,"") -> 20 | L5: =IF(AND(ISNUMBER(D5),ISNUMBER(E5)),E5-D5,"") -> 13 | M5: =IF(AND(ISNUMBER(E5),ISNUMBER(F5)),F5-E5,"") -> 55 | N5: =IF(AND(ISNUMBER(C5),ISNUMBER(F5)),F5-C5,"") -> 88
A6: 5 | B6: 49 | C6: 45672 | D6: 45690 | E6: 45712 | F6: 45834 | G6: AVF | H6: פיסטולה | I6: המתנה לחדר ניתוח | K6: =IF(AND(ISNUMBER(C6),ISNUMBER(D6)),D6-C6,"") -> 18 | L6: =IF(AND(ISNUMBER(D6),ISNUMBER(E6)),E6-D6,"") -> 22 | M6: =IF(AND(ISNUMBER(E6),ISNUMBER(F6)),F6-E6,"") -> 122 | N6: =IF(AND(ISNUMBER(C6),ISNUMBER(F6)),F6-C6,"") -> 162
A7: 6 | B7: 60 | C7: 45721 | E7: 45789 | F7: 45837 | G7: AVF | H7: פיסטולה | I7: אחר | J7: מיפוי בוצע בקהילה, תאריך לא ידוע | K7: =IF(AND(ISNUMBER(C7),ISNUMBER(D7)),D7-C7,"") | L7: =IF(AND(ISNUMBER(D7),ISNUMBER(E7)),E7-D7,"") | M7: =IF(AND(ISNUMBER(E7),ISNUMBER(F7)),F7-E7,"") -> 48 | N7: =IF(AND(ISNUMBER(C7),ISNUMBER(F7)),F7-C7,"") -> 116
A8: 7 | B8: 44 | C8: 45721 | E8: 45763 | F8: 45848 | G8: AVF | H8: צנתר | I8: המתנה לחדר ניתוח | J8: מיפוי בוצע בקהילה, תאריך לא ידוע | K8: =IF(AND(ISNUMBER(C8),ISNUMBER(D8)),D8-C8,"") | L8: =IF(AND(ISNUMBER(D8),ISNUMBER(E8)),E8-D8,"") | M8: =IF(AND(ISNUMBER(E8),ISNUMBER(F8)),F8-E8,"") -> 85 | N8: =IF(AND(ISNUMBER(C8),ISNUMBER(F8)),F8-C8,"") -> 127
A9: 8 | B9: 75 | C9: 45733 | D9: 45773 | E9: 45794 | F9: 45851 | G9: AVG (שתל) | H9: צנתר | I9: המתנה למיפוי | K9: =IF(AND(ISNUMBER(C9),ISNUMBER(D9)),D9-C9,"") -> 40 | L9: =IF(AND(ISNUMBER(D9),ISNUMBER(E9)),E9-D9,"") -> 21 | M9: =IF(AND(ISNUMBER(E9),ISNUMBER(F9)),F9-E9,"") -> 57 | N9: =IF(AND(ISNUMBER(C9),ISNUMBER(F9)),F9-C9,"") -> 118
A10: 9 | B10: 61 | C10: 45789 | D10: 45813 | E10: 45820 | F10: 45852 | G10: AVF | H10: פיסטולה | I10: ללא עיכוב משמעותי | K10: =IF(AND(ISNUMBER(C10),ISNUMBER(D10)),D10-C10,"") -> 24 | L10: =IF(AND(ISNUMBER(D10),ISNUMBER(E10)),E10-D10,"") -> 7 | M10: =IF(AND(ISNUMBER(E10),ISNUMBER(F10)),F10-E10,"") -> 32 | N10: =IF(AND(ISNUMBER(C10),ISNUMBER(F10)),F10-C10,"") -> 63
A11: 10 | B11: 37 | C11: 45731 | D11: 45754 | E11: 45792 | F11: 45854 | G11: AVF | H11: טרם התחיל | I11: המתנה לתור במרפאה | K11: =IF(AND(ISNUMBER(C11),ISNUMBER(D11)),D11-C11,"") -> 23 | L11: =IF(AND(ISNUMBER(D11),ISNUMBER(E11)),E11-D11,"") -> 38 | M11: =IF(AND(ISNUMBER(E11),ISNUMBER(F11)),F11-E11,"") -> 62 | N11: =IF(AND(ISNUMBER(C11),ISNUMBER(F11)),F11-C11,"") -> 123
A12: 11 | B12: 68 | C12: 45724 | D12: 45799 | E12: 45814 | F12: 45859 | G12: AVF | H12: טרם התחיל | I12: המתנה למיפוי | J12: לא הגיע לתור הראשון למיפוי (זימון לא התקבל) | K12: =IF(AND(ISNUMBER(C12),ISNUMBER(D12)),D12-C12,"") -> 75 | L12: =IF(AND(ISNUMBER(D12),ISNUMBER(E12)),E12-D12,"") -> 15 | M12: =IF(AND(ISNUMBER(E12),ISNUMBER(F12)),F12-E12,"") -> 45 | N12: =IF(AND(ISNUMBER(C12),ISNUMBER(F12)),F12-C12,"") -> 135
A13: 12 | B13: 69 | C13: 45743 | D13: 45810 | F13: 45861 | G13: AVF | H13: טרם התחיל | I13: המתנה למיפוי | J13: לא הגיע לתור הראשון למיפוי (זימון לא התקבל) | K13: =IF(AND(ISNUMBER(C13),ISNUMBER(D13)),D13-C13,"") -> 67 | L13: =IF(AND(ISNUMBER(D13),ISNUMBER(E13)),E13-D13,"") | M13: =IF(AND(ISNUMBER(E13),ISNUMBER(F13)),F13-E13,"") | N13: =IF(AND(ISNUMBER(C13),ISNUMBER(F13)),F13-C13,"") -> 118
A14: 13 | B14: 57 | C14: 45734 | D14: 45763 | E14: 45779 | F14: 45880 | G14: AVF | H14: טרם התחיל | I14: המתנה לחדר ניתוח | K14: =IF(AND(ISNUMBER(C14),ISNUMBER(D14)),D14-C14,"") -> 29 | L14: =IF(AND(ISNUMBER(D14),ISNUMBER(E14)),E14-D14,"") -> 16 | M14: =IF(AND(ISNUMBER(E14),ISNUMBER(F14)),F14-E14,"") -> 101 | N14: =IF(AND(ISNUMBER(C14),ISNUMBER(F14)),F14-C14,"") -> 146
A15: 14 | B15: 72 | C15: 45690 | D15: 45738 | E15: 45752 | F15: 45892 | G15: AVF | H15: צנתר | I15: המתנה לחדר ניתוח | J15: הגיע בצום ונשלח הביתה, נותח בשבוע שלאחר מכן | K15: =IF(AND(ISNUMBER(C15),ISNUMBER(D15)),D15-C15,"") -> 48 | L15: =IF(AND(ISNUMBER(D15),ISNUMBER(E15)),E15-D15,"") -> 14 | M15: =IF(AND(ISNUMBER(E15),ISNUMBER(F15)),F15-E15,"") -> 140 | N15: =IF(AND(ISNUMBER(C15),ISNUMBER(F15)),F15-C15,"") -> 202
A16: 15 | B16: 60 | C16: 45767 | D16: 45841 | E16: 45865 | F16: 45893 | G16: AVF | H16: פיסטולה | I16: אחר | J16: תיעוד חלקי ברשומה | K16: =IF(AND(ISNUMBER(C16),ISNUMBER(D16)),D16-C16,"") -> 74 | L16: =IF(AND(ISNUMBER(D16),ISNUMBER(E16)),E16-D16,"") -> 24 | M16: =IF(AND(ISNUMBER(E16),ISNUMBER(F16)),F16-E16,"") -> 28 | N16: =IF(AND(ISNUMBER(C16),ISNUMBER(F16)),F16-C16,"") -> 126
A17: 16 | B17: 60 | C17: 45776 | D17: 45807 | E17: 45819 | F17: 45893 | G17: AVF | H17: פיסטולה | I17: המתנה לחדר ניתוח | J17: ממתין ברשימה ללא תאריך במשך כחודשיים | K17: =IF(AND(ISNUMBER(C17),ISNUMBER(D17)),D17-C17,"") -> 31 | L17: =IF(AND(ISNUMBER(D17),ISNUMBER(E17)),E17-D17,"") -> 12 | M17: =IF(AND(ISNUMBER(E17),ISNUMBER(F17)),F17-E17,"") -> 74 | N17: =IF(AND(ISNUMBER(C17),ISNUMBER(F17)),F17-C17,"") -> 117
A18: 17 | B18: 72 | C18: 45750 | D18: 45768 | E18: 45782 | F18: 45898 | G18: AVF | H18: צנתר | I18: המתנה לחדר ניתוח | K18: =IF(AND(ISNUMBER(C18),ISNUMBER(D18)),D18-C18,"") -> 18 | L18: =IF(AND(ISNUMBER(D18),ISNUMBER(E18)),E18-D18,"") -> 14 | M18: =IF(AND(ISNUMBER(E18),ISNUMBER(F18)),F18-E18,"") -> 116 | N18: =IF(AND(ISNUMBER(C18),ISNUMBER(F18)),F18-C18,"") -> 148
A19: 18 | B19: 71 | C19: 45822 | D19: 45858 | E19: 45867 | F19: 45898 | G19: AVF | H19: צנתר | I19: הפניה מאוחרת מנפרולוגיה | J19: התחיל דיאליזה דחופה במהלך אשפוז, לפני המיפוי | K19: =IF(AND(ISNUMBER(C19),ISNUMBER(D19)),D19-C19,"") -> 36 | L19: =IF(AND(ISNUMBER(D19),ISNUMBER(E19)),E19-D19,"") -> 9 | M19: =IF(AND(ISNUMBER(E19),ISNUMBER(F19)),F19-E19,"") -> 31 | N19: =IF(AND(ISNUMBER(C19),ISNUMBER(F19)),F19-C19,"") -> 76
A20: 19 | B20: 50 | C20: 45798 | D20: 45824 | E20: 45851 | F20: 45900 | G20: AVF | H20: טרם התחיל | I20: אחר | J20: מיפוי בוצע בקהילה, תאריך לא ידוע | K20: =IF(AND(ISNUMBER(C20),ISNUMBER(D20)),D20-C20,"") -> 26 | L20: =IF(AND(ISNUMBER(D20),ISNUMBER(E20)),E20-D20,"") -> 27 | M20: =IF(AND(ISNUMBER(E20),ISNUMBER(F20)),F20-E20,"") -> 49 | N20: =IF(AND(ISNUMBER(C20),ISNUMBER(F20)),F20-C20,"") -> 102
A21: 20 | B21: 61 | C21: 45831 | D21: 45854 | E21: 45863 | F21: 45906 | G21: AVF | H21: צנתר | I21: הפניה מאוחרת מנפרולוגיה | J21: התחיל דיאליזה דחופה במהלך אשפוז, לפני המיפוי | K21: =IF(AND(ISNUMBER(C21),ISNUMBER(D21)),D21-C21,"") -> 23 | L21: =IF(AND(ISNUMBER(D21),ISNUMBER(E21)),E21-D21,"") -> 9 | M21: =IF(AND(ISNUMBER(E21),ISNUMBER(F21)),F21-E21,"") -> 43 | N21: =IF(AND(ISNUMBER(C21),ISNUMBER(F21)),F21-C21,"") -> 75
A22: 21 | B22: 71 | C22: 45763 | D22: 45777 | E22: 45806 | F22: 45906 | G22: AVF | H22: פיסטולה | I22: המתנה לחדר ניתוח | J22: נדחה פעם אחת מרשימת הניתוחים בשל ניתוח דחוף | K22: =IF(AND(ISNUMBER(C22),ISNUMBER(D22)),D22-C22,"") -> 14 | L22: =IF(AND(ISNUMBER(D22),ISNUMBER(E22)),E22-D22,"") -> 29 | M22: =IF(AND(ISNUMBER(E22),ISNUMBER(F22)),F22-E22,"") -> 100 | N22: =IF(AND(ISNUMBER(C22),ISNUMBER(F22)),F22-C22,"") -> 143
A23: 22 | B23: 60 | C23: 45811 | D23: 45857 | E23: 45877 | F23: 45910 | G23: AVF | H23: צנתר | I23: המתנה למיפוי | J23: מיפוי חוזר, הקודם לא היה בתוקף | K23: =IF(AND(ISNUMBER(C23),ISNUMBER(D23)),D23-C23,"") -> 46 | L23: =IF(AND(ISNUMBER(D23),ISNUMBER(E23)),E23-D23,"") -> 20 | M23: =IF(AND(ISNUMBER(E23),ISNUMBER(F23)),F23-E23,"") -> 33 | N23: =IF(AND(ISNUMBER(C23),ISNUMBER(F23)),F23-C23,"") -> 99
A24: 23 | B24: 70 | C24: 45731 | D24: 45801 | E24: 45818 | F24: 45910 | G24: AVF | H24: צנתר | I24: ביטול ניתוח | J24: ניתוח בוטל ביום הניתוח ונקבע מחדש | K24: =IF(AND(ISNUMBER(C24),ISNUMBER(D24)),D24-C24,"") -> 70 | L24: =IF(AND(ISNUMBER(D24),ISNUMBER(E24)),E24-D24,"") -> 17 | M24: =IF(AND(ISNUMBER(E24),ISNUMBER(F24)),F24-E24,"") -> 92 | N24: =IF(AND(ISNUMBER(C24),ISNUMBER(F24)),F24-C24,"") -> 179
A25: 24 | B25: 45 | C25: 45751 | D25: 45779 | E25: 45808 | F25: 45911 | G25: AVF | H25: צנתר | I25: בירור/הכנה רפואית | J25: נדחה בבוקר הניתוח: בדיקות טרום ניתוח לא בתוקף | K25: =IF(AND(ISNUMBER(C25),ISNUMBER(D25)),D25-C25,"") -> 28 | L25: =IF(AND(ISNUMBER(D25),ISNUMBER(E25)),E25-D25,"") -> 29 | M25: =IF(AND(ISNUMBER(E25),ISNUMBER(F25)),F25-E25,"") -> 103 | N25: =IF(AND(ISNUMBER(C25),ISNUMBER(F25)),F25-C25,"") -> 160
A26: 25 | B26: 66 | C26: 45784 | D26: 45822 | E26: 45839 | F26: 45914 | G26: AVF | H26: פיסטולה | I26: המתנה לחדר ניתוח | K26: =IF(AND(ISNUMBER(C26),ISNUMBER(D26)),D26-C26,"") -> 38 | L26: =IF(AND(ISNUMBER(D26),ISNUMBER(E26)),E26-D26,"") -> 17 | M26: =IF(AND(ISNUMBER(E26),ISNUMBER(F26)),F26-E26,"") -> 75 | N26: =IF(AND(ISNUMBER(C26),ISNUMBER(F26)),F26-C26,"") -> 130
A27: 26 | B27: 85 | C27: 45791 | D27: 45844 | E27: 45856 | F27: 45916 | G27: AVF | H27: פיסטולה | I27: המתנה לחדר ניתוח | J27: נדחה פעמיים מרשימת הניתוחים | K27: =IF(AND(ISNUMBER(C27),ISNUMBER(D27)),D27-C27,"") -> 53 | L27: =IF(AND(ISNUMBER(D27),ISNUMBER(E27)),E27-D27,"") -> 12 | M27: =IF(AND(ISNUMBER(E27),ISNUMBER(F27)),F27-E27,"") -> 60 | N27: =IF(AND(ISNUMBER(C27),ISNUMBER(F27)),F27-C27,"") -> 125
A28: 27 | B28: 54 | C28: 45764 | D28: 45807 | E28: 45828 | F28: 45919 | G28: AVF | H28: צנתר | I28: המתנה לחדר ניתוח | K28: =IF(AND(ISNUMBER(C28),ISNUMBER(D28)),D28-C28,"") -> 43 | L28: =IF(AND(ISNUMBER(D28),ISNUMBER(E28)),E28-D28,"") -> 21 | M28: =IF(AND(ISNUMBER(E28),ISNUMBER(F28)),F28-E28,"") -> 91 | N28: =IF(AND(ISNUMBER(C28),ISNUMBER(F28)),F28-C28,"") -> 155
A29: 28 | B29: 57 | C29: 45840 | D29: 45869 | E29: 45887 | F29: 45920 | G29: AVF | H29: צנתר | I29: הפניה מאוחרת מנפרולוגיה | J29: הופנה כשכבר היה קרוב לדיאליזה | K29: =IF(AND(ISNUMBER(C29),ISNUMBER(D29)),D29-C29,"") -> 29 | L29: =IF(AND(ISNUMBER(D29),ISNUMBER(E29)),E29-D29,"") -> 18 | M29: =IF(AND(ISNUMBER(E29),ISNUMBER(F29)),F29-E29,"") -> 33 | N29: =IF(AND(ISNUMBER(C29),ISNUMBER(F29)),F29-C29,"") -> 80
A30: 29 | B30: 63 | C30: 45739 | D30: 45766 | E30: 45798 | F30: 45921 | G30: AVF | H30: פיסטולה | I30: המתנה לחדר ניתוח | J30: נדחה פעמיים מרשימת הניתוחים | K30: =IF(AND(ISNUMBER(C30),ISNUMBER(D30)),D30-C30,"") -> 27 | L30: =IF(AND(ISNUMBER(D30),ISNUMBER(E30)),E30-D30,"") -> 32 | M30: =IF(AND(ISNUMBER(E30),ISNUMBER(F30)),F30-E30,"") -> 123 | N30: =IF(AND(ISNUMBER(C30),ISNUMBER(F30)),F30-C30,"") -> 182
A31: 30 | B31: 63 | C31: 45789 | D31: 45815 | E31: 45827 | F31: 45921 | G31: AVF | H31: צנתר | I31: ביטול ניתוח | J31: בוטל בתקופת הפעילות המצומצמת, נקבע מחדש | K31: =IF(AND(ISNUMBER(C31),ISNUMBER(D31)),D31-C31,"") -> 26 | L31: =IF(AND(ISNUMBER(D31),ISNUMBER(E31)),E31-D31,"") -> 12 | M31: =IF(AND(ISNUMBER(E31),ISNUMBER(F31)),F31-E31,"") -> 94 | N31: =IF(AND(ISNUMBER(C31),ISNUMBER(F31)),F31-C31,"") -> 132
A32: 31 | B32: 59 | C32: 45789 | D32: 45825 | E32: 45838 | F32: 45933 | G32: AVF | H32: צנתר | I32: בירור/הכנה רפואית | J32: נדחה בבוקר הניתוח: בדיקות טרום ניתוח לא בתוקף | K32: =IF(AND(ISNUMBER(C32),ISNUMBER(D32)),D32-C32,"") -> 36 | L32: =IF(AND(ISNUMBER(D32),ISNUMBER(E32)),E32-D32,"") -> 13 | M32: =IF(AND(ISNUMBER(E32),ISNUMBER(F32)),F32-E32,"") -> 95 | N32: =IF(AND(ISNUMBER(C32),ISNUMBER(F32)),F32-C32,"") -> 144
A33: 32 | B33: 39 | C33: 45806 | D33: 45856 | E33: 45890 | F33: 45940 | G33: AVF | H33: פיסטולה | I33: דחייה ע"י המטופל | J33: סירב בתחילה לפיסטולה, הסכים לאחר התחלת דיאליזה | K33: =IF(AND(ISNUMBER(C33),ISNUMBER(D33)),D33-C33,"") -> 50 | L33: =IF(AND(ISNUMBER(D33),ISNUMBER(E33)),E33-D33,"") -> 34 | M33: =IF(AND(ISNUMBER(E33),ISNUMBER(F33)),F33-E33,"") -> 50 | N33: =IF(AND(ISNUMBER(C33),ISNUMBER(F33)),F33-C33,"") -> 134
A34: 33 | B34: 77 | C34: 45821 | D34: 45846 | E34: 45889 | F34: 45947 | G34: AVG (שתל) | H34: צנתר | I34: המתנה לתור במרפאה | K34: =IF(AND(ISNUMBER(C34),ISNUMBER(D34)),D34-C34,"") -> 25 | L34: =IF(AND(ISNUMBER(D34),ISNUMBER(E34)),E34-D34,"") -> 43 | M34: =IF(AND(ISNUMBER(E34),ISNUMBER(F34)),F34-E34,"") -> 58 | N34: =IF(AND(ISNUMBER(C34),ISNUMBER(F34)),F34-C34,"") -> 126
A35: 34 | B35: 79 | C35: 45772 | D35: 45790 | E35: 45828 | F35: 45957 | G35: AVF | H35: פיסטולה | I35: המתנה לחדר ניתוח | J35: נדחה פעם אחת מרשימת הניתוחים בשל ניתוח דחוף | K35: =IF(AND(ISNUMBER(C35),ISNUMBER(D35)),D35-C35,"") -> 18 | L35: =IF(AND(ISNUMBER(D35),ISNUMBER(E35)),E35-D35,"") -> 38 | M35: =IF(AND(ISNUMBER(E35),ISNUMBER(F35)),F35-E35,"") -> 129 | N35: =IF(AND(ISNUMBER(C35),ISNUMBER(F35)),F35-C35,"") -> 185
A36: 35 | B36: 73 | C36: 45872 | D36: 45891 | E36: 45907 | F36: 45963 | G36: AVF | H36: צנתר | I36: דחייה ע"י המטופל | J36: סירב בתחילה לפיסטולה, הסכים לאחר התחלת דיאליזה | K36: =IF(AND(ISNUMBER(C36),ISNUMBER(D36)),D36-C36,"") -> 19 | L36: =IF(AND(ISNUMBER(D36),ISNUMBER(E36)),E36-D36,"") -> 16 | M36: =IF(AND(ISNUMBER(E36),ISNUMBER(F36)),F36-E36,"") -> 56 | N36: =IF(AND(ISNUMBER(C36),ISNUMBER(F36)),F36-C36,"") -> 91
A37: 36 | B37: 51 | C37: 45836 | D37: 45886 | E37: 45938 | F37: 45966 | G37: AVF | H37: טרם התחיל | I37: המתנה למיפוי | K37: =IF(AND(ISNUMBER(C37),ISNUMBER(D37)),D37-C37,"") -> 50 | L37: =IF(AND(ISNUMBER(D37),ISNUMBER(E37)),E37-D37,"") -> 52 | M37: =IF(AND(ISNUMBER(E37),ISNUMBER(F37)),F37-E37,"") -> 28 | N37: =IF(AND(ISNUMBER(C37),ISNUMBER(F37)),F37-C37,"") -> 130
A38: 37 | B38: 65 | C38: 45875 | D38: 45900 | E38: 45928 | F38: 45973 | G38: AVF | H38: צנתר | I38: הפניה מאוחרת מנפרולוגיה | J38: הפניה מהקהילה | K38: =IF(AND(ISNUMBER(C38),ISNUMBER(D38)),D38-C38,"") -> 25 | L38: =IF(AND(ISNUMBER(D38),ISNUMBER(E38)),E38-D38,"") -> 28 | M38: =IF(AND(ISNUMBER(E38),ISNUMBER(F38)),F38-E38,"") -> 45 | N38: =IF(AND(ISNUMBER(C38),ISNUMBER(F38)),F38-C38,"") -> 98
A39: 38 | B39: 53 | C39: 45835 | D39: 45881 | E39: 45904 | F39: 45973 | G39: AVF | H39: צנתר | I39: דחייה ע"י המטופל | J39: המטופל ביקש לדחות את הניתוח | K39: =IF(AND(ISNUMBER(C39),ISNUMBER(D39)),D39-C39,"") -> 46 | L39: =IF(AND(ISNUMBER(D39),ISNUMBER(E39)),E39-D39,"") -> 23 | M39: =IF(AND(ISNUMBER(E39),ISNUMBER(F39)),F39-E39,"") -> 69 | N39: =IF(AND(ISNUMBER(C39),ISNUMBER(F39)),F39-C39,"") -> 138
A40: 39 | B40: 70 | C40: 45912 | D40: 45938 | E40: 45957 | F40: 45987 | G40: AVF | H40: צנתר | I40: הפניה מאוחרת מנפרולוגיה | K40: =IF(AND(ISNUMBER(C40),ISNUMBER(D40)),D40-C40,"") -> 26 | L40: =IF(AND(ISNUMBER(D40),ISNUMBER(E40)),E40-D40,"") -> 19 | M40: =IF(AND(ISNUMBER(E40),ISNUMBER(F40)),F40-E40,"") -> 30 | N40: =IF(AND(ISNUMBER(C40),ISNUMBER(F40)),F40-C40,"") -> 75
A41: 40 | B41: 70 | C41: 45832 | D41: 45873 | E41: 45903 | F41: 45988 | G41: AVF | H41: צנתר | I41: המתנה לחדר ניתוח | J41: הגיע בצום ונשלח הביתה, נותח בשבוע שלאחר מכן | K41: =IF(AND(ISNUMBER(C41),ISNUMBER(D41)),D41-C41,"") -> 41 | L41: =IF(AND(ISNUMBER(D41),ISNUMBER(E41)),E41-D41,"") -> 30 | M41: =IF(AND(ISNUMBER(E41),ISNUMBER(F41)),F41-E41,"") -> 85 | N41: =IF(AND(ISNUMBER(C41),ISNUMBER(F41)),F41-C41,"") -> 156
A42: 41 | B42: 57 | C42: 45913 | D42: 45953 | E42: 45965 | F42: 45991 | G42: AVF | H42: טרם התחיל | I42: המתנה למיפוי | K42: =IF(AND(ISNUMBER(C42),ISNUMBER(D42)),D42-C42,"") -> 40 | L42: =IF(AND(ISNUMBER(D42),ISNUMBER(E42)),E42-D42,"") -> 12 | M42: =IF(AND(ISNUMBER(E42),ISNUMBER(F42)),F42-E42,"") -> 26 | N42: =IF(AND(ISNUMBER(C42),ISNUMBER(F42)),F42-C42,"") -> 78
A43: 42 | B43: 73 | C43: 45963 | D43: 45976 | E43: 45983 | F43: 45995 | G43: AVF | H43: פיסטולה | I43: ללא עיכוב משמעותי | K43: =IF(AND(ISNUMBER(C43),ISNUMBER(D43)),D43-C43,"") -> 13 | L43: =IF(AND(ISNUMBER(D43),ISNUMBER(E43)),E43-D43,"") -> 7 | M43: =IF(AND(ISNUMBER(E43),ISNUMBER(F43)),F43-E43,"") -> 12 | N43: =IF(AND(ISNUMBER(C43),ISNUMBER(F43)),F43-C43,"") -> 32
A44: 43 | B44: 52 | C44: 45889 | D44: 45933 | E44: 45946 | F44: 45997 | G44: AVG (שתל) | H44: צנתר | I44: הפניה מאוחרת מנפרולוגיה | J44: התחיל דיאליזה דרך צנתר לפני הניתוח | K44: =IF(AND(ISNUMBER(C44),ISNUMBER(D44)),D44-C44,"") -> 44 | L44: =IF(AND(ISNUMBER(D44),ISNUMBER(E44)),E44-D44,"") -> 13 | M44: =IF(AND(ISNUMBER(E44),ISNUMBER(F44)),F44-E44,"") -> 51 | N44: =IF(AND(ISNUMBER(C44),ISNUMBER(F44)),F44-C44,"") -> 108
A45: 44 | B45: 61 | C45: 45962 | D45: 45973 | E45: 45979 | F45: 45997 | G45: AVF | H45: צנתר | I45: ללא עיכוב משמעותי | J45: התחיל דיאליזה דרך צנתר לפני הניתוח | K45: =IF(AND(ISNUMBER(C45),ISNUMBER(D45)),D45-C45,"") -> 11 | L45: =IF(AND(ISNUMBER(D45),ISNUMBER(E45)),E45-D45,"") -> 6 | M45: =IF(AND(ISNUMBER(E45),ISNUMBER(F45)),F45-E45,"") -> 18 | N45: =IF(AND(ISNUMBER(C45),ISNUMBER(F45)),F45-C45,"") -> 35
A46: 45 | B46: 57 | C46: 45878 | D46: 45903 | E46: 45915 | F46: 45998 | G46: AVF | H46: פיסטולה | I46: ביטול ניתוח | J46: ביטול בשל מחלה חריפה של המטופל | K46: =IF(AND(ISNUMBER(C46),ISNUMBER(D46)),D46-C46,"") -> 25 | L46: =IF(AND(ISNUMBER(D46),ISNUMBER(E46)),E46-D46,"") -> 12 | M46: =IF(AND(ISNUMBER(E46),ISNUMBER(F46)),F46-E46,"") -> 83 | N46: =IF(AND(ISNUMBER(C46),ISNUMBER(F46)),F46-C46,"") -> 120
A47: 46 | B47: 66 | C47: 45932 | D47: 45952 | E47: 45971 | F47: 45999 | G47: AVF | H47: צנתר | I47: הפניה מאוחרת מנפרולוגיה | J47: הופנה כשכבר היה קרוב לדיאליזה | K47: =IF(AND(ISNUMBER(C47),ISNUMBER(D47)),D47-C47,"") -> 20 | L47: =IF(AND(ISNUMBER(D47),ISNUMBER(E47)),E47-D47,"") -> 19 | M47: =IF(AND(ISNUMBER(E47),ISNUMBER(F47)),F47-E47,"") -> 28 | N47: =IF(AND(ISNUMBER(C47),ISNUMBER(F47)),F47-C47,"") -> 67
A48: 47 | B48: 86 | C48: 45897 | D48: 45931 | E48: 45959 | F48: 46000 | G48: AVF | H48: צנתר | I48: הפניה מאוחרת מנפרולוגיה | K48: =IF(AND(ISNUMBER(C48),ISNUMBER(D48)),D48-C48,"") -> 34 | L48: =IF(AND(ISNUMBER(D48),ISNUMBER(E48)),E48-D48,"") -> 28 | M48: =IF(AND(ISNUMBER(E48),ISNUMBER(F48)),F48-E48,"") -> 41 | N48: =IF(AND(ISNUMBER(C48),ISNUMBER(F48)),F48-C48,"") -> 103
A49: 48 | B49: 82 | C49: 45882 | D49: 45915 | E49: 45942 | F49: 46009 | G49: AVF | H49: צנתר | I49: דחייה ע"י המטופל | J49: סירב בתחילה לפיסטולה, הסכים לאחר התחלת דיאליזה | K49: =IF(AND(ISNUMBER(C49),ISNUMBER(D49)),D49-C49,"") -> 33 | L49: =IF(AND(ISNUMBER(D49),ISNUMBER(E49)),E49-D49,"") -> 27 | M49: =IF(AND(ISNUMBER(E49),ISNUMBER(F49)),F49-E49,"") -> 67 | N49: =IF(AND(ISNUMBER(C49),ISNUMBER(F49)),F49-C49,"") -> 127
A50: 49 | B50: 62 | C50: 45805 | D50: 45841 | E50: 45859 | F50: 46015 | G50: AVF | H50: פיסטולה | I50: המתנה לחדר ניתוח | J50: ממתין ברשימה ללא תאריך במשך כחודשיים | K50: =IF(AND(ISNUMBER(C50),ISNUMBER(D50)),D50-C50,"") -> 36 | L50: =IF(AND(ISNUMBER(D50),ISNUMBER(E50)),E50-D50,"") -> 18 | M50: =IF(AND(ISNUMBER(E50),ISNUMBER(F50)),F50-E50,"") -> 156 | N50: =IF(AND(ISNUMBER(C50),ISNUMBER(F50)),F50-C50,"") -> 210
A51: 50 | B51: 61 | C51: 45853 | D51: 45889 | E51: 45917 | F51: 46026 | G51: AVF | H51: צנתר | I51: המתנה לחדר ניתוח | K51: =IF(AND(ISNUMBER(C51),ISNUMBER(D51)),D51-C51,"") -> 36 | L51: =IF(AND(ISNUMBER(D51),ISNUMBER(E51)),E51-D51,"") -> 28 | M51: =IF(AND(ISNUMBER(E51),ISNUMBER(F51)),F51-E51,"") -> 109 | N51: =IF(AND(ISNUMBER(C51),ISNUMBER(F51)),F51-C51,"") -> 173
A52: 51 | B52: 62 | C52: 45990 | D52: 46003 | F52: 46030 | G52: AVF | H52: פיסטולה | I52: ללא עיכוב משמעותי | J52: מטופל מאושפז, המסלול הושלם במהלך האשפוז | K52: =IF(AND(ISNUMBER(C52),ISNUMBER(D52)),D52-C52,"") -> 13 | L52: =IF(AND(ISNUMBER(D52),ISNUMBER(E52)),E52-D52,"") | M52: =IF(AND(ISNUMBER(E52),ISNUMBER(F52)),F52-E52,"") | N52: =IF(AND(ISNUMBER(C52),ISNUMBER(F52)),F52-C52,"") -> 40
A53: 52 | B53: 53 | C53: 45883 | D53: 45917 | E53: 45936 | F53: 46030 | G53: AVF | H53: צנתר | I53: בירור/הכנה רפואית | J53: לא הפסיק טיפול נוגד קרישה כנדרש | K53: =IF(AND(ISNUMBER(C53),ISNUMBER(D53)),D53-C53,"") -> 34 | L53: =IF(AND(ISNUMBER(D53),ISNUMBER(E53)),E53-D53,"") -> 19 | M53: =IF(AND(ISNUMBER(E53),ISNUMBER(F53)),F53-E53,"") -> 94 | N53: =IF(AND(ISNUMBER(C53),ISNUMBER(F53)),F53-C53,"") -> 147
A54: 53 | B54: 73 | C54: 45908 | D54: 45928 | E54: 45946 | F54: 46031 | G54: AVF | H54: פיסטולה | I54: בירור/הכנה רפואית | J54: הופנה לייעוץ קרדיולוגי לפני הניתוח | K54: =IF(AND(ISNUMBER(C54),ISNUMBER(D54)),D54-C54,"") -> 20 | L54: =IF(AND(ISNUMBER(D54),ISNUMBER(E54)),E54-D54,"") -> 18 | M54: =IF(AND(ISNUMBER(E54),ISNUMBER(F54)),F54-E54,"") -> 85 | N54: =IF(AND(ISNUMBER(C54),ISNUMBER(F54)),F54-C54,"") -> 123
A55: 54 | B55: 88 | C55: 45891 | D55: 45933 | E55: 45950 | F55: 46038 | G55: AVF | H55: פיסטולה | I55: המתנה למיפוי | K55: =IF(AND(ISNUMBER(C55),ISNUMBER(D55)),D55-C55,"") -> 42 | L55: =IF(AND(ISNUMBER(D55),ISNUMBER(E55)),E55-D55,"") -> 17 | M55: =IF(AND(ISNUMBER(E55),ISNUMBER(F55)),F55-E55,"") -> 88 | N55: =IF(AND(ISNUMBER(C55),ISNUMBER(F55)),F55-C55,"") -> 147
A56: 55 | B56: 60 | C56: 45892 | D56: 45920 | E56: 45951 | F56: 46040 | G56: AVF | H56: טרם התחיל | I56: דחייה ע"י המטופל | J56: סירב בתחילה לפיסטולה, הסכים לאחר התחלת דיאליזה | K56: =IF(AND(ISNUMBER(C56),ISNUMBER(D56)),D56-C56,"") -> 28 | L56: =IF(AND(ISNUMBER(D56),ISNUMBER(E56)),E56-D56,"") -> 31 | M56: =IF(AND(ISNUMBER(E56),ISNUMBER(F56)),F56-E56,"") -> 89 | N56: =IF(AND(ISNUMBER(C56),ISNUMBER(F56)),F56-C56,"") -> 148
A57: 56 | B57: 54 | C57: 45856 | D57: 45904 | E57: 45984 | F57: 46045 | G57: AVF | H57: טרם התחיל | I57: המתנה למיפוי | J57: תור למיפוי נקבע רק לאחר ביקור ראשון במרפאה | K57: =IF(AND(ISNUMBER(C57),ISNUMBER(D57)),D57-C57,"") -> 48 | L57: =IF(AND(ISNUMBER(D57),ISNUMBER(E57)),E57-D57,"") -> 80 | M57: =IF(AND(ISNUMBER(E57),ISNUMBER(F57)),F57-E57,"") -> 61 | N57: =IF(AND(ISNUMBER(C57),ISNUMBER(F57)),F57-C57,"") -> 189
A58: 57 | B58: 54 | C58: 45964 | D58: 45989 | E58: 46009 | F58: 46052 | G58: AVF | H58: צנתר | I58: הפניה מאוחרת מנפרולוגיה | J58: התחיל דיאליזה דחופה במהלך אשפוז, לפני המיפוי | K58: =IF(AND(ISNUMBER(C58),ISNUMBER(D58)),D58-C58,"") -> 25 | L58: =IF(AND(ISNUMBER(D58),ISNUMBER(E58)),E58-D58,"") -> 20 | M58: =IF(AND(ISNUMBER(E58),ISNUMBER(F58)),F58-E58,"") -> 43 | N58: =IF(AND(ISNUMBER(C58),ISNUMBER(F58)),F58-C58,"") -> 88
A59: 58 | B59: 58 | C59: 45935 | D59: 45992 | E59: 46006 | F59: 46063 | G59: AVF | H59: צנתר | I59: המתנה למיפוי | J59: התחיל דיאליזה דרך צנתר לפני הניתוח | K59: =IF(AND(ISNUMBER(C59),ISNUMBER(D59)),D59-C59,"") -> 57 | L59: =IF(AND(ISNUMBER(D59),ISNUMBER(E59)),E59-D59,"") -> 14 | M59: =IF(AND(ISNUMBER(E59),ISNUMBER(F59)),F59-E59,"") -> 57 | N59: =IF(AND(ISNUMBER(C59),ISNUMBER(F59)),F59-C59,"") -> 128
A60: 59 | B60: 49 | C60: 45925 | D60: 45959 | E60: 45967 | F60: 46064 | G60: AVF | H60: פיסטולה | I60: המתנה לחדר ניתוח | K60: =IF(AND(ISNUMBER(C60),ISNUMBER(D60)),D60-C60,"") -> 34 | L60: =IF(AND(ISNUMBER(D60),ISNUMBER(E60)),E60-D60,"") -> 8 | M60: =IF(AND(ISNUMBER(E60),ISNUMBER(F60)),F60-E60,"") -> 97 | N60: =IF(AND(ISNUMBER(C60),ISNUMBER(F60)),F60-C60,"") -> 139
A61: 60 | B61: 62 | C61: 45895 | D61: 45921 | E61: 45952 | F61: 46066 | G61: AVF | H61: צנתר | I61: דחייה ע"י המטופל | J61: לא הגיע לתור למרפאה, נקבע מחדש | K61: =IF(AND(ISNUMBER(C61),ISNUMBER(D61)),D61-C61,"") -> 26 | L61: =IF(AND(ISNUMBER(D61),ISNUMBER(E61)),E61-D61,"") -> 31 | M61: =IF(AND(ISNUMBER(E61),ISNUMBER(F61)),F61-E61,"") -> 114 | N61: =IF(AND(ISNUMBER(C61),ISNUMBER(F61)),F61-C61,"") -> 171
A62: 61 | B62: 48 | C62: 45916 | D62: 45944 | E62: 45965 | F62: 46074 | G62: AVF | H62: פיסטולה | I62: המתנה לחדר ניתוח | K62: =IF(AND(ISNUMBER(C62),ISNUMBER(D62)),D62-C62,"") -> 28 | L62: =IF(AND(ISNUMBER(D62),ISNUMBER(E62)),E62-D62,"") -> 21 | M62: =IF(AND(ISNUMBER(E62),ISNUMBER(F62)),F62-E62,"") -> 109 | N62: =IF(AND(ISNUMBER(C62),ISNUMBER(F62)),F62-C62,"") -> 158
A63: 62 | B63: 65 | C63: 46033 | D63: 46052 | E63: 46060 | F63: 46086 | G63: AVF | H63: טרם התחיל | I63: ללא עיכוב משמעותי | J63: מטופל מאושפז, המסלול הושלם במהלך האשפוז | K63: =IF(AND(ISNUMBER(C63),ISNUMBER(D63)),D63-C63,"") -> 19 | L63: =IF(AND(ISNUMBER(D63),ISNUMBER(E63)),E63-D63,"") -> 8 | M63: =IF(AND(ISNUMBER(E63),ISNUMBER(F63)),F63-E63,"") -> 26 | N63: =IF(AND(ISNUMBER(C63),ISNUMBER(F63)),F63-C63,"") -> 53
A64: 63 | B64: 63 | C64: 45945 | D64: 45971 | E64: 45991 | F64: 46090 | G64: AVG (שתל) | H64: צנתר | I64: ביטול ניתוח | J64: ביטול בשל מחלה חריפה של המטופל | K64: =IF(AND(ISNUMBER(C64),ISNUMBER(D64)),D64-C64,"") -> 26 | L64: =IF(AND(ISNUMBER(D64),ISNUMBER(E64)),E64-D64,"") -> 20 | M64: =IF(AND(ISNUMBER(E64),ISNUMBER(F64)),F64-E64,"") -> 99 | N64: =IF(AND(ISNUMBER(C64),ISNUMBER(F64)),F64-C64,"") -> 145
A65: 64 | B65: 70 | C65: 45967 | D65: 46003 | E65: 46012 | F65: 46093 | G65: AVF | H65: פיסטולה | I65: ביטול ניתוח | J65: בוטל בתקופת הפעילות המצומצמת, נקבע מחדש | K65: =IF(AND(ISNUMBER(C65),ISNUMBER(D65)),D65-C65,"") -> 36 | L65: =IF(AND(ISNUMBER(D65),ISNUMBER(E65)),E65-D65,"") -> 9 | M65: =IF(AND(ISNUMBER(E65),ISNUMBER(F65)),F65-E65,"") -> 81 | N65: =IF(AND(ISNUMBER(C65),ISNUMBER(F65)),F65-C65,"") -> 126
A66: 65 | B66: 33 | C66: 46046 | D66: 46062 | E66: 46077 | F66: 46103 | G66: AVF | H66: צנתר | I66: הפניה מאוחרת מנפרולוגיה | J66: התחיל דיאליזה דחופה במהלך אשפוז, לפני המיפוי | K66: =IF(AND(ISNUMBER(C66),ISNUMBER(D66)),D66-C66,"") -> 16 | L66: =IF(AND(ISNUMBER(D66),ISNUMBER(E66)),E66-D66,"") -> 15 | M66: =IF(AND(ISNUMBER(E66),ISNUMBER(F66)),F66-E66,"") -> 26 | N66: =IF(AND(ISNUMBER(C66),ISNUMBER(F66)),F66-C66,"") -> 57
A67: 66 | B67: 59 | C67: 45974 | D67: 46033 | E67: 46044 | F67: 46104 | G67: AVF | H67: פיסטולה | I67: המתנה למיפוי | J67: לא הגיע לתור הראשון למיפוי (זימון לא התקבל) | K67: =IF(AND(ISNUMBER(C67),ISNUMBER(D67)),D67-C67,"") -> 59 | L67: =IF(AND(ISNUMBER(D67),ISNUMBER(E67)),E67-D67,"") -> 11 | M67: =IF(AND(ISNUMBER(E67),ISNUMBER(F67)),F67-E67,"") -> 60 | N67: =IF(AND(ISNUMBER(C67),ISNUMBER(F67)),F67-C67,"") -> 130
A68: 67 | B68: 75 | C68: 45994 | D68: 46024 | E68: 46050 | F68: 46110 | G68: AVF | H68: טרם התחיל | I68: המתנה לחדר ניתוח | J68: נדחה פעמיים מרשימת הניתוחים | K68: =IF(AND(ISNUMBER(C68),ISNUMBER(D68)),D68-C68,"") -> 30 | L68: =IF(AND(ISNUMBER(D68),ISNUMBER(E68)),E68-D68,"") -> 26 | M68: =IF(AND(ISNUMBER(E68),ISNUMBER(F68)),F68-E68,"") -> 60 | N68: =IF(AND(ISNUMBER(C68),ISNUMBER(F68)),F68-C68,"") -> 116
A69: 68 | B69: 78 | C69: 45921 | E69: 45998 | F69: 46111 | G69: AVG (שתל) | H69: פיסטולה | I69: המתנה לחדר ניתוח | J69: הגיע בצום ונשלח הביתה, נותח בשבוע שלאחר מכן | K69: =IF(AND(ISNUMBER(C69),ISNUMBER(D69)),D69-C69,"") | L69: =IF(AND(ISNUMBER(D69),ISNUMBER(E69)),E69-D69,"") | M69: =IF(AND(ISNUMBER(E69),ISNUMBER(F69)),F69-E69,"") -> 113 | N69: =IF(AND(ISNUMBER(C69),ISNUMBER(F69)),F69-C69,"") -> 190
A70: 69 | B70: 81 | C70: 45994 | D70: 46034 | E70: 46074 | F70: 46116 | G70: AVG (שתל) | H70: צנתר | I70: המתנה לתור במרפאה | J70: התחייבות מהקופה התעכבה | K70: =IF(AND(ISNUMBER(C70),ISNUMBER(D70)),D70-C70,"") -> 40 | L70: =IF(AND(ISNUMBER(D70),ISNUMBER(E70)),E70-D70,"") -> 40 | M70: =IF(AND(ISNUMBER(E70),ISNUMBER(F70)),F70-E70,"") -> 42 | N70: =IF(AND(ISNUMBER(C70),ISNUMBER(F70)),F70-C70,"") -> 122
A71: 70 | B71: 70 | C71: 46003 | D71: 46038 | E71: 46057 | F71: 46117 | G71: AVF | H71: פיסטולה | I71: המתנה לחדר ניתוח | J71: נדחה פעם אחת מרשימת הניתוחים בשל ניתוח דחוף | K71: =IF(AND(ISNUMBER(C71),ISNUMBER(D71)),D71-C71,"") -> 35 | L71: =IF(AND(ISNUMBER(D71),ISNUMBER(E71)),E71-D71,"") -> 19 | M71: =IF(AND(ISNUMBER(E71),ISNUMBER(F71)),F71-E71,"") -> 60 | N71: =IF(AND(ISNUMBER(C71),ISNUMBER(F71)),F71-C71,"") -> 114
A72: 71 | B72: 45 | C72: 45976 | D72: 46001 | E72: 46051 | F72: 46118 | G72: AVF | H72: פיסטולה | I72: בירור/הכנה רפואית | J72: נדחה בבוקר הניתוח: בדיקות טרום ניתוח לא בתוקף | K72: =IF(AND(ISNUMBER(C72),ISNUMBER(D72)),D72-C72,"") -> 25 | L72: =IF(AND(ISNUMBER(D72),ISNUMBER(E72)),E72-D72,"") -> 50 | M72: =IF(AND(ISNUMBER(E72),ISNUMBER(F72)),F72-E72,"") -> 67 | N72: =IF(AND(ISNUMBER(C72),ISNUMBER(F72)),F72-C72,"") -> 142
A73: 72 | B73: 56 | C73: 46009 | D73: 46024 | E73: 46052 | F73: 46126 | G73: AVF | H73: צנתר | I73: בירור/הכנה רפואית | J73: לא הפסיק טיפול נוגד קרישה כנדרש | K73: =IF(AND(ISNUMBER(C73),ISNUMBER(D73)),D73-C73,"") -> 15 | L73: =IF(AND(ISNUMBER(D73),ISNUMBER(E73)),E73-D73,"") -> 28 | M73: =IF(AND(ISNUMBER(E73),ISNUMBER(F73)),F73-E73,"") -> 74 | N73: =IF(AND(ISNUMBER(C73),ISNUMBER(F73)),F73-C73,"") -> 117
A74: 73 | B74: 49 | C74: 46001 | D74: 46029 | E74: 46044 | F74: 46131 | G74: AVF | H74: פיסטולה | I74: המתנה לחדר ניתוח | K74: =IF(AND(ISNUMBER(C74),ISNUMBER(D74)),D74-C74,"") -> 28 | L74: =IF(AND(ISNUMBER(D74),ISNUMBER(E74)),E74-D74,"") -> 15 | M74: =IF(AND(ISNUMBER(E74),ISNUMBER(F74)),F74-E74,"") -> 87 | N74: =IF(AND(ISNUMBER(C74),ISNUMBER(F74)),F74-C74,"") -> 130
A75: 74 | B75: 55 | C75: 46010 | D75: 46049 | E75: 46074 | F75: 46137 | G75: AVF | H75: צנתר | I75: בירור/הכנה רפואית | J75: לא הפסיק טיפול נוגד קרישה כנדרש | K75: =IF(AND(ISNUMBER(C75),ISNUMBER(D75)),D75-C75,"") -> 39 | L75: =IF(AND(ISNUMBER(D75),ISNUMBER(E75)),E75-D75,"") -> 25 | M75: =IF(AND(ISNUMBER(E75),ISNUMBER(F75)),F75-E75,"") -> 63 | N75: =IF(AND(ISNUMBER(C75),ISNUMBER(F75)),F75-C75,"") -> 127
A76: 75 | B76: 78 | C76: 45985 | D76: 46011 | E76: 46019 | F76: 46141 | G76: AVF | H76: צנתר | I76: המתנה לחדר ניתוח | J76: נדחה פעם אחת מרשימת הניתוחים בשל ניתוח דחוף | K76: =IF(AND(ISNUMBER(C76),ISNUMBER(D76)),D76-C76,"") -> 26 | L76: =IF(AND(ISNUMBER(D76),ISNUMBER(E76)),E76-D76,"") -> 8 | M76: =IF(AND(ISNUMBER(E76),ISNUMBER(F76)),F76-E76,"") -> 122 | N76: =IF(AND(ISNUMBER(C76),ISNUMBER(F76)),F76-C76,"") -> 156
A77: 76 | B77: 52 | C77: 45867 | D77: 45944 | E77: 45956 | F77: 46144 | G77: AVF | H77: צנתר | I77: המתנה למיפוי | J77: מיפוי חוזר, הקודם לא היה בתוקף | K77: =IF(AND(ISNUMBER(C77),ISNUMBER(D77)),D77-C77,"") -> 77 | L77: =IF(AND(ISNUMBER(D77),ISNUMBER(E77)),E77-D77,"") -> 12 | M77: =IF(AND(ISNUMBER(E77),ISNUMBER(F77)),F77-E77,"") -> 188 | N77: =IF(AND(ISNUMBER(C77),ISNUMBER(F77)),F77-C77,"") -> 277
A78: 77 | B78: 44 | C78: 46005 | D78: 46048 | E78: 46061 | F78: 46146 | G78: AVF | H78: צנתר | I78: המתנה לחדר ניתוח | K78: =IF(AND(ISNUMBER(C78),ISNUMBER(D78)),D78-C78,"") -> 43 | L78: =IF(AND(ISNUMBER(D78),ISNUMBER(E78)),E78-D78,"") -> 13 | M78: =IF(AND(ISNUMBER(E78),ISNUMBER(F78)),F78-E78,"") -> 85 | N78: =IF(AND(ISNUMBER(C78),ISNUMBER(F78)),F78-C78,"") -> 141
A79: 78 | B79: 60 | C79: 46026 | D79: 46070 | E79: 46096 | F79: 46149 | G79: AVG (שתל) | H79: צנתר | I79: בירור/הכנה רפואית | J79: נדחה בבוקר הניתוח: בדיקות טרום ניתוח לא בתוקף | K79: =IF(AND(ISNUMBER(C79),ISNUMBER(D79)),D79-C79,"") -> 44 | L79: =IF(AND(ISNUMBER(D79),ISNUMBER(E79)),E79-D79,"") -> 26 | M79: =IF(AND(ISNUMBER(E79),ISNUMBER(F79)),F79-E79,"") -> 53 | N79: =IF(AND(ISNUMBER(C79),ISNUMBER(F79)),F79-C79,"") -> 123
A80: 79 | B80: 33 | C80: 45944 | D80: 46034 | E80: 46051 | F80: 46156 | G80: AVF | H80: טרם התחיל | I80: המתנה למיפוי | J80: מיפוי חוזר, הקודם לא היה בתוקף | K80: =IF(AND(ISNUMBER(C80),ISNUMBER(D80)),D80-C80,"") -> 90 | L80: =IF(AND(ISNUMBER(D80),ISNUMBER(E80)),E80-D80,"") -> 17 | M80: =IF(AND(ISNUMBER(E80),ISNUMBER(F80)),F80-E80,"") -> 105 | N80: =IF(AND(ISNUMBER(C80),ISNUMBER(F80)),F80-C80,"") -> 212
A81: 80 | B81: 53 | C81: 46027 | D81: 46060 | E81: 46084 | F81: 46160 | G81: AVF | H81: צנתר | I81: הפניה מאוחרת מנפרולוגיה | J81: הפניה מהקהילה | K81: =IF(AND(ISNUMBER(C81),ISNUMBER(D81)),D81-C81,"") -> 33 | L81: =IF(AND(ISNUMBER(D81),ISNUMBER(E81)),E81-D81,"") -> 24 | M81: =IF(AND(ISNUMBER(E81),ISNUMBER(F81)),F81-E81,"") -> 76 | N81: =IF(AND(ISNUMBER(C81),ISNUMBER(F81)),F81-C81,"") -> 133
A82: 81 | B82: 59 | C82: 46029 | D82: 46080 | E82: 46085 | F82: 46162 | G82: AVF | H82: פיסטולה | I82: המתנה לחדר ניתוח | J82: נדחה פעם אחת מרשימת הניתוחים בשל ניתוח דחוף | K82: =IF(AND(ISNUMBER(C82),ISNUMBER(D82)),D82-C82,"") -> 51 | L82: =IF(AND(ISNUMBER(D82),ISNUMBER(E82)),E82-D82,"") -> 5 | M82: =IF(AND(ISNUMBER(E82),ISNUMBER(F82)),F82-E82,"") -> 77 | N82: =IF(AND(ISNUMBER(C82),ISNUMBER(F82)),F82-C82,"") -> 133
A83: 82 | B83: 48 | C83: 45996 | D83: 46017 | E83: 46043 | F83: 46168 | G83: AVF | H83: צנתר | I83: דחייה ע"י המטופל | J83: המטופל ביקש לדחות את הניתוח | K83: =IF(AND(ISNUMBER(C83),ISNUMBER(D83)),D83-C83,"") -> 21 | L83: =IF(AND(ISNUMBER(D83),ISNUMBER(E83)),E83-D83,"") -> 26 | M83: =IF(AND(ISNUMBER(E83),ISNUMBER(F83)),F83-E83,"") -> 125 | N83: =IF(AND(ISNUMBER(C83),ISNUMBER(F83)),F83-C83,"") -> 172
A84: 83 | B84: 64 | C84: 46090 | D84: 46112 | E84: 46123 | F84: 46172 | G84: AVF | H84: צנתר | I84: הפניה מאוחרת מנפרולוגיה | J84: התחיל דיאליזה דחופה במהלך אשפוז, לפני המיפוי | K84: =IF(AND(ISNUMBER(C84),ISNUMBER(D84)),D84-C84,"") -> 22 | L84: =IF(AND(ISNUMBER(D84),ISNUMBER(E84)),E84-D84,"") -> 11 | M84: =IF(AND(ISNUMBER(E84),ISNUMBER(F84)),F84-E84,"") -> 49 | N84: =IF(AND(ISNUMBER(C84),ISNUMBER(F84)),F84-C84,"") -> 82
A85: 84 | B85: 67 | C85: 46022 | D85: 46088 | E85: 46100 | F85: 46173 | G85: AVF | H85: צנתר | I85: המתנה לחדר ניתוח | J85: הגיע בצום ונשלח הביתה, נותח בשבוע שלאחר מכן | K85: =IF(AND(ISNUMBER(C85),ISNUMBER(D85)),D85-C85,"") -> 66 | L85: =IF(AND(ISNUMBER(D85),ISNUMBER(E85)),E85-D85,"") -> 12 | M85: =IF(AND(ISNUMBER(E85),ISNUMBER(F85)),F85-E85,"") -> 73 | N85: =IF(AND(ISNUMBER(C85),ISNUMBER(F85)),F85-C85,"") -> 151
K86: =IF(AND(ISNUMBER(C86),ISNUMBER(D86)),D86-C86,"") | L86: =IF(AND(ISNUMBER(D86),ISNUMBER(E86)),E86-D86,"") | M86: =IF(AND(ISNUMBER(E86),ISNUMBER(F86)),F86-E86,"") | N86: =IF(AND(ISNUMBER(C86),ISNUMBER(F86)),F86-C86,"")
K87: =IF(AND(ISNUMBER(C87),ISNUMBER(D87)),D87-C87,"") | L87: =IF(AND(ISNUMBER(D87),ISNUMBER(E87)),E87-D87,"") | M87: =IF(AND(ISNUMBER(E87),ISNUMBER(F87)),F87-E87,"") | N87: =IF(AND(ISNUMBER(C87),ISNUMBER(F87)),F87-C87,"")
K88: =IF(AND(ISNUMBER(C88),ISNUMBER(D88)),D88-C88,"") | L88: =IF(AND(ISNUMBER(D88),ISNUMBER(E88)),E88-D88,"") | M88: =IF(AND(ISNUMBER(E88),ISNUMBER(F88)),F88-E88,"") | N88: =IF(AND(ISNUMBER(C88),ISNUMBER(F88)),F88-C88,"")
K89: =IF(AND(ISNUMBER(C89),ISNUMBER(D89)),D89-C89,"") | L89: =IF(AND(ISNUMBER(D89),ISNUMBER(E89)),E89-D89,"") | M89: =IF(AND(ISNUMBER(E89),ISNUMBER(F89)),F89-E89,"") | N89: =IF(AND(ISNUMBER(C89),ISNUMBER(F89)),F89-C89,"")
K90: =IF(AND(ISNUMBER(C90),ISNUMBER(D90)),D90-C90,"") | L90: =IF(AND(ISNUMBER(D90),ISNUMBER(E90)),E90-D90,"") | M90: =IF(AND(ISNUMBER(E90),ISNUMBER(F90)),F90-E90,"") | N90: =IF(AND(ISNUMBER(C90),ISNUMBER(F90)),F90-C90,"")
K91: =IF(AND(ISNUMBER(C91),ISNUMBER(D91)),D91-C91,"") | L91: =IF(AND(ISNUMBER(D91),ISNUMBER(E91)),E91-D91,"") | M91: =IF(AND(ISNUMBER(E91),ISNUMBER(F91)),F91-E91,"") | N91: =IF(AND(ISNUMBER(C91),ISNUMBER(F91)),F91-C91,"")
K92: =IF(AND(ISNUMBER(C92),ISNUMBER(D92)),D92-C92,"") | L92: =IF(AND(ISNUMBER(D92),ISNUMBER(E92)),E92-D92,"") | M92: =IF(AND(ISNUMBER(E92),ISNUMBER(F92)),F92-E92,"") | N92: =IF(AND(ISNUMBER(C92),ISNUMBER(F92)),F92-C92,"")
K93: =IF(AND(ISNUMBER(C93),ISNUMBER(D93)),D93-C93,"") | L93: =IF(AND(ISNUMBER(D93),ISNUMBER(E93)),E93-D93,"") | M93: =IF(AND(ISNUMBER(E93),ISNUMBER(F93)),F93-E93,"") | N93: =IF(AND(ISNUMBER(C93),ISNUMBER(F93)),F93-C93,"")
K94: =IF(AND(ISNUMBER(C94),ISNUMBER(D94)),D94-C94,"") | L94: =IF(AND(ISNUMBER(D94),ISNUMBER(E94)),E94-D94,"") | M94: =IF(AND(ISNUMBER(E94),ISNUMBER(F94)),F94-E94,"") | N94: =IF(AND(ISNUMBER(C94),ISNUMBER(F94)),F94-C94,"")
K95: =IF(AND(ISNUMBER(C95),ISNUMBER(D95)),D95-C95,"") | L95: =IF(AND(ISNUMBER(D95),ISNUMBER(E95)),E95-D95,"") | M95: =IF(AND(ISNUMBER(E95),ISNUMBER(F95)),F95-E95,"") | N95: =IF(AND(ISNUMBER(C95),ISNUMBER(F95)),F95-C95,"")
K96: =IF(AND(ISNUMBER(C96),ISNUMBER(D96)),D96-C96,"") | L96: =IF(AND(ISNUMBER(D96),ISNUMBER(E96)),E96-D96,"") | M96: =IF(AND(ISNUMBER(E96),ISNUMBER(F96)),F96-E96,"") | N96: =IF(AND(ISNUMBER(C96),ISNUMBER(F96)),F96-C96,"")
K97: =IF(AND(ISNUMBER(C97),ISNUMBER(D97)),D97-C97,"") | L97: =IF(AND(ISNUMBER(D97),ISNUMBER(E97)),E97-D97,"") | M97: =IF(AND(ISNUMBER(E97),ISNUMBER(F97)),F97-E97,"") | N97: =IF(AND(ISNUMBER(C97),ISNUMBER(F97)),F97-C97,"")
... K151: =IF(AND(ISNUMBER(C151),ISNUMBER(D151)),D151-C151,"") | L151: =IF(AND(ISNUMBER(D151),ISNUMBER(E151)),E151-D151,"") | M151: =IF(AND(ISNUMBER(E151),ISNUMBER(F151)),F151-E151,"") | N151: =IF(AND(ISNUMBER(C151),ISNUMBER(F151)),F151-C151,"")

Sheet סיכום
A1: סיכום זמנים במסלול (בימים)
A3: שלב | B3: מספר מטופלים | C3: חציון | D3: ממוצע | E3: מינימום | F3: מקסימום
A4: הפניה → מיפוי | B4: =COUNT(נתונים!K2:K151) -> 80 | C4: =IF(COUNT(נתונים!K2:K151)=0,"",MEDIAN(נתונים!K2:K151)) -> 32 | D4: =IF(COUNT(נתונים!K2:K151)=0,"",AVERAGE(נתונים!K2:K151)) -> 35.3 | E4: =IF(COUNT(נתונים!K2:K151)=0,"",MIN(נתונים!K2:K151)) -> 11 | F4: =IF(COUNT(נתונים!K2:K151)=0,"",MAX(נתונים!K2:K151)) -> 90
A5: מיפוי → מרפאה | B5: =COUNT(נתונים!L2:L151) -> 78 | C5: =IF(COUNT(נתונים!L2:L151)=0,"",MEDIAN(נתונים!L2:L151)) -> 18.5 | D5: =IF(COUNT(נתונים!L2:L151)=0,"",AVERAGE(נתונים!L2:L151)) -> 21.294872 | E5: =IF(COUNT(נתונים!L2:L151)=0,"",MIN(נתונים!L2:L151)) -> 5 | F5: =IF(COUNT(נתונים!L2:L151)=0,"",MAX(נתונים!L2:L151)) -> 80
A6: מרפאה → ניתוח | B6: =COUNT(נתונים!M2:M151) -> 82 | C6: =IF(COUNT(נתונים!M2:M151)=0,"",MEDIAN(נתונים!M2:M151)) -> 68.5 | D6: =IF(COUNT(נתונים!M2:M151)=0,"",AVERAGE(נתונים!M2:M151)) -> 72.463415 | E6: =IF(COUNT(נתונים!M2:M151)=0,"",MIN(נתונים!M2:M151)) -> 12 | F6: =IF(COUNT(נתונים!M2:M151)=0,"",MAX(נתונים!M2:M151)) -> 188
A7: סה"כ: הפניה → ניתוח | B7: =COUNT(נתונים!N2:N151) -> 84 | C7: =IF(COUNT(נתונים!N2:N151)=0,"",MEDIAN(נתונים!N2:N151)) -> 129 | D7: =IF(COUNT(נתונים!N2:N151)=0,"",AVERAGE(נתונים!N2:N151)) -> 128.32143 | E7: =IF(COUNT(נתונים!N2:N151)=0,"",MIN(נתונים!N2:N151)) -> 32 | F7: =IF(COUNT(נתונים!N2:N151)=0,"",MAX(נתונים!N2:N151)) -> 277
A10: התחלת דיאליזה
A11: סוג | B11: מספר | C11: אחוז מתוך מי שהתחילו דיאליזה
A12: פיסטולה | B12: =COUNTIF(נתונים!$H$2:$H$151,A12) -> 26 | C12: =IF(SUM($B$12:$B$13)=0,"",B12/SUM($B$12:$B$13)) -> 0.37142857
A13: צנתר | B13: =COUNTIF(נתונים!$H$2:$H$151,A13) -> 44 | C13: =IF(SUM($B$12:$B$13)=0,"",B13/SUM($B$12:$B$13)) -> 0.62857143
A14: טרם התחיל | B14: =COUNTIF(נתונים!$H$2:$H$151,A14) -> 14 | C14: —
A17: סיבות עיכוב עיקריות
A18: סיבה | B18: מספר | C18: אחוז
A19: המתנה למיפוי | B19: =COUNTIF(נתונים!$I$2:$I$151,A19) -> 12 | C19: =IF(SUM($B$19:$B$27)=0,"",B19/SUM($B$19:$B$27)) -> 0.14285714
A20: המתנה לתור במרפאה | B20: =COUNTIF(נתונים!$I$2:$I$151,A20) -> 4 | C20: =IF(SUM($B$19:$B$27)=0,"",B20/SUM($B$19:$B$27)) -> 0.047619048
A21: המתנה לחדר ניתוח | B21: =COUNTIF(נתונים!$I$2:$I$151,A21) -> 25 | C21: =IF(SUM($B$19:$B$27)=0,"",B21/SUM($B$19:$B$27)) -> 0.29761905
A22: הפניה מאוחרת מנפרולוגיה | B22: =COUNTIF(נתונים!$I$2:$I$151,A22) -> 13 | C22: =IF(SUM($B$19:$B$27)=0,"",B22/SUM($B$19:$B$27)) -> 0.1547619
A23: בירור/הכנה רפואית | B23: =COUNTIF(נתונים!$I$2:$I$151,A23) -> 8 | C23: =IF(SUM($B$19:$B$27)=0,"",B23/SUM($B$19:$B$27)) -> 0.095238095
A24: דחייה ע"י המטופל | B24: =COUNTIF(נתונים!$I$2:$I$151,A24) -> 7 | C24: =IF(SUM($B$19:$B$27)=0,"",B24/SUM($B$19:$B$27)) -> 0.083333333
A25: ביטול ניתוח | B25: =COUNTIF(נתונים!$I$2:$I$151,A25) -> 6 | C25: =IF(SUM($B$19:$B$27)=0,"",B25/SUM($B$19:$B$27)) -> 0.071428571
A26: אחר | B26: =COUNTIF(נתונים!$I$2:$I$151,A26) -> 4 | C26: =IF(SUM($B$19:$B$27)=0,"",B26/SUM($B$19:$B$27)) -> 0.047619048
A27: ללא עיכוב משמעותי | B27: =COUNTIF(נתונים!$I$2:$I$151,A27) -> 5 | C27: =IF(SUM($B$19:$B$27)=0,"",B27/SUM($B$19:$B$27)) -> 0.05952381

Sheet רשימות
A1: סוג גישה | B1: התחלת דיאליזה | C1: סיבת עיכוב
A2: AVF | B2: פיסטולה | C2: המתנה למיפוי
A3: AVG (שתל) | B3: צנתר | C3: המתנה לתור במרפאה
B4: טרם התחיל | C4: המתנה לחדר ניתוח
C5: הפניה מאוחרת מנפרולוגיה
C6: בירור/הכנה רפואית
C7: דחייה ע"י המטופל
C8: ביטול ניתוח
C9: אחר
C10: ללא עיכוב משמעותי
